{
  "assetsJs": [
    "./src/assets/plugins/jquery/*.js",

    "./src/assets/plugins/bootstrap/js/*.js",
    "./src/assets/plugins/ace/js/ace-extra.js",
    "./src/assets/plugins/ace/js/ace-elements.js",
    "./src/assets/plugins/ace/js/ace.js",

    "./src/assets/plugins/basil.js/*.js",
    "./src/assets/plugins/messenger/js/messenger.js",
    "./src/assets/plugins/messenger/js/messenger-*.js",
    "./src/assets/plugins/moment/*.js",
    "./src/assets/plugins/moment-range/*.js",
    "./src/assets/plugins/mousestrap/*.js",
    "./src/assets/plugins/nprogress/*.js",
    "./src/assets/plugins/jquery.gritter/js/*.js",
    "./src/assets/plugins/ckeditor/*.js",
    "./src/assets/plugins/jszip/*.js",

    "./src/assets/plugins/angular/angular.js",
    "./src/assets/plugins/angular/angular-*.js",
    "./src/assets/plugins/angular-bootstrap/*.js",
    "./src/assets/plugins/angular-translate/*.js",
    "./src/assets/plugins/angular-translate-storage-local/*.js",
    "./src/assets/plugins/angular-translate-storage-cookie/*.js",
    "./src/assets/plugins/angular-ui-select/*.js",
    "./src/assets/plugins/ng-file-upload/*.js",
    "./src/assets/plugins/angulartics/*.js",
    "./src/assets/plugins/angulartics-google-analytics/*.js",
    "./src/assets/plugins/kendo/js/*.js",
    "!./src/assets/plugins/**/*.min.js"
  ],
  "assetsJs.min": [
    "./src/assets/plugins/jquery/*.min.js",

    "./src/assets/plugins/bootstrap/js/*.min.js",
    "./src/assets/plugins/ace/js/ace-extra.min.js",
    "./src/assets/plugins/ace/js/ace-elements.min.js",
    "./src/assets/plugins/ace/js/ace.min.js",

    "./src/assets/plugins/basil.js/*.min.js",
    "./src/assets/plugins/messenger/js/messenger.min.js",
    "./src/assets/plugins/messenger/js/messenger-*.min.js",
    "./src/assets/plugins/moment/*.min.js",
    "./src/assets/plugins/moment-range/*.min.js",
    "./src/assets/plugins/mousestrap/*.min.js",
    "./src/assets/plugins/nprogress/*.min.js",
    "./src/assets/plugins/jquery.gritter/js/*.min.js",
    "./src/assets/plugins/ckeditor/*.js",
    "./src/assets/plugins/jszip/*.min.js",

    "./src/assets/plugins/angular/angular.min.js",
    "./src/assets/plugins/angular/angular-*.min.js",
    "./src/assets/plugins/angular-bootstrap/*.min.js",
    "./src/assets/plugins/angular-translate/*.min.js",
    "./src/assets/plugins/angular-translate-storage-local/*.min.js",
    "./src/assets/plugins/angular-translate-storage-cookie/*.min.js",
    "./src/assets/plugins/angular-ui-select/*.min.js",
    "./src/assets/plugins/ng-file-upload/*.min.js",
    "./src/assets/plugins/angulartics/*.min.js",
    "./src/assets/plugins/angulartics-google-analytics/*.min.js",
    "./src/assets/plugins/kendo/js/*.min.js"
  ],
  "assetsCss": [
    "./src/assets/plugins/bootstrap/css/bootstrap.css",
    "./src/assets/plugins/bootstrap/css/bootstrap-*.css",
    "./src/assets/plugins/font-awesome/css/*.css",
    "./src/assets/plugins/css3-animate/*.css",
    "./src/assets/plugins/jquery.gritter/css/*.css",
    "./src/assets/plugins/ace/css/*.css",
    "./src/assets/plugins/angular-bootstrap/*.css",
    "./src/assets/plugins/angular-ui-select/*.css",
    "./src/assets/plugins/kendo/styles/kendo.common.css",
    "./src/assets/plugins/kendo/styles/kendo.bootstrap.css",
    "./src/assets/plugins/messenger/css/messenger.css",
    "./src/assets/plugins/messenger/css/messenger-*.css",
    "./src/assets/plugins/nprogress/*.css",
    "!./src/assets/plugins/**/*.min.css"
  ],
  "assetsCss.min": [
    "./src/assets/plugins/bootstrap/css/bootstrap.min.css",
    "./src/assets/plugins/bootstrap/css/bootstrap-*.min.css",
    "./src/assets/plugins/font-awesome/css/*.min.css",
    "./src/assets/plugins/css3-animate/*.min.css",
    "./src/assets/plugins/jquery.gritter/css/*.min.css",
    "./src/assets/plugins/ace/css/*.min.css",
    "./src/assets/plugins/angular-bootstrap/*.min.css",
    "./src/assets/plugins/angular-ui-select/*.min.css",
    "./src/assets/plugins/kendo/styles/kendo.common.min.css",
    "./src/assets/plugins/kendo/styles/kendo.bootstrap.min.css",
    "./src/assets/plugins/messenger/css/messenger.min.css",
    "./src/assets/plugins/messenger/css/messenger-*.min.css",
    "./src/assets/plugins/nprogress/*.min.css"
  ],
  "assetsFonts": [
    "./src/assets/plugins/ace/fonts/*.*",
    "./src/assets/plugins/bootstrap/fonts/*.*",
    "./src/assets/plugins/font-awesome/fonts/*.*",
    "./src/assets/fonts/*.*"
  ],
  "assetsCssImages": [
    "./src/assets/plugins/ace/css/im*/*.*",
    "./src/assets/plugins/kendo/styles/Bootstrap*/*.*",
    "./src/assets/plugins/kendo/styles/textures*/*.*"
  ],
  "assetsImages": [
    "./src/framework/img/**/*.*",
    "./src/assets/plugins/jquery.gritter/images/**/*.*"
  ],
  "assetsRequireJs": [
    "./src/assets/plugins/requirejs/require.js"
  ],
  "assetsRequireJs.min": [
    "./src/assets/plugins/requirejs/require.min.js"
  ],


























  "angularJs": [
    "./src/framework/js/vendor/angular/angular.js",
    "./src/framework/js/vendor/angular/angular-*.js",
    "!./src/framework/js/vendor/angular/*.min.js",
    "./src/framework/js/vendor/angular-translate/*.js",
    "./src/framework/js/vendor/angular-translate/**/*.js"
  ],
  "angularJsMin": [
    "./src/framework/js/vendor/angular/angular.min.js",
    "./src/framework/js/vendor/angular/angular-*.min.js",
    "./src/framework/js/vendor/angular-translate/*.js",
    "./src/framework/js/vendor/angular-translate/**/*.js"
  ],
  "vendorJs": [
    "./src/framework/js/vendor/modernizr-*.js",
    "./src/framework/js/vendor/messenger.js",
    "./src/framework/js/vendor/messenger-*.js",
    "./src/framework/js/vendor/moment.js",
    "./src/framework/js/vendor/moment-*.js",
    "./src/framework/js/vendor/bootstrap.js",
    "./src/framework/js/vendor/*.js"
  ],
  "frameworkCss": [
    "./src/framework/css/vendor/jquery/**/*.css",
    "./src/framework/css/vendor/messenger/messenger.css",
    "./src/framework/css/vendor/messenger/**/*.css",
    "./src/framework/css/vendor/bootstrap.css",
    "./src/framework/js/directives/**/*.css",
    "./src/framework/css/vendor/**/*.css",
    "./src/framework/plugin/ace_1.2/**/*.css",
    "./src/framework/app/**/*.css",
    "./src/framework/plugin/select2/select2.css",
    "./src/framework/plugin/syntaxhighlighter_3.0.83/styles/shCoreDefault.css",
    "./src/framework/plugin/rainbow/themes/github.css",
    "./src/framework/css/*.css"
  ],

  "js": [
    "dist/framework/js/vendor/modernizr-*.js",
    "dist/framework/js/vendor/jquery/*.js",
    "dist/framework/js/vendor/jquery/lib/*.js",
    "dist/framework/js/vendor/angular/angular.js",
    "dist/framework/js/vendor/angular/angular-*.js",
    "dist/framework/js/vendor/angular-translate/*.js",
    "dist/framework/js/vendor/angular-translate/**/*.js",
    "dist/framework/js/vendor/kendo/*.js",
    "dist/framework/js/vendor/messenger.js",
    "dist/framework/js/vendor/messenger-*.js",
    "dist/framework/js/vendor/moment.js",
    "dist/framework/js/vendor/moment-*.js",
    "dist/framework/js/vendor/bootstrap.js",
    "dist/framework/js/vendor/*.js",
    "dist/framework/js/vendor/require/require.js",
    "dist/framework/js/vendor/require/require-css.js",
    "dist/framework/js/*.js",
    "!dist/framework/js/config.js",
    "dist/framework/js/untils/**/*.js",
    "dist/framework/js/directives/*.js",
    "dist/framework/js/directives/**/*.js",
    "dist/framework/js/filters/**/*.js",
    "dist/framework/js/services/*.js",
    "dist/framework/js/services/**/*.js",
    "dist/framework/app/l18n/**/*.js",
    "dist/framework/app/**/*.js",
    "dist/framework/plugin/ace_1.2/ace.js",
    "dist/framework/plugin/ace_1.2/ace-extra.js",
    "dist/framework/plugin/ace_1.2/ace-elements.js",
    "dist/framework/plugin/select2/select2.js",
    "dist/framework/plugin/rainbow/rainbow.js",
    "dist/framework/plugin/rainbow/language/*.js"
  ],

  "css": [
    "dist/framework/css/vendor/jquery/**/*.css",
    "dist/framework/css/vendor/messenger/messenger.css",
    "dist/framework/css/vendor/messenger/**/*.css",
    "dist/framework/css/vendor/bootstrap.css",
    "dist/framework/js/directives/**/*.css",
    "dist/framework/css/vendor/**/*.css",
    "dist/framework/plugin/ace_1.2/**/*.css",
    "dist/framework/app/**/*.css",
    "dist/framework/plugin/select2/select2.css",
    "dist/framework/plugin/syntaxhighlighter_3.0.83/styles/shCoreDefault.css",
    "dist/framework/plugin/rainbow/themes/github.css",
    "dist/framework/plugin/kindeditor/themes/default/default.css",
    "dist/framework/css/*.css"
  ]
}