{
  "angularJs": [
    "./src/framework/js/vendor/angular/angular.js",
    "./src/framework/js/vendor/angular/angular-*.js",
    "!./src/framework/js/vendor/angular/*.min.js",
    "./src/framework/js/vendor/angular-translate/*.js",
    "./src/framework/js/vendor/angular-translate/**/*.js"
  ],
  "angularJsMin": [
    "./src/framework/js/vendor/angular/angular.min.js",
    "./src/framework/js/vendor/angular/angular-*.min.js",
    "./src/framework/js/vendor/angular-translate/*.js",
    "./src/framework/js/vendor/angular-translate/**/*.js"
  ],
  "vendorJs": [
    "./src/framework/js/vendor/modernizr-*.js",
    "./src/framework/js/vendor/messenger.js",
    "./src/framework/js/vendor/messenger-*.js",
    "./src/framework/js/vendor/moment.js",
    "./src/framework/js/vendor/moment-*.js",
    "./src/framework/js/vendor/bootstrap.js",
    "./src/framework/js/vendor/*.js"
  ],
  "frameworkCss": [
    "./src/framework/css/vendor/jquery/**/*.css",
    "./src/framework/css/vendor/messenger/messenger.css",
    "./src/framework/css/vendor/messenger/**/*.css",
    "./src/framework/css/vendor/bootstrap.css",
    "./src/framework/js/directives/**/*.css",
    "./src/framework/css/vendor/**/*.css",
    "./src/framework/plugin/ace_1.2/**/*.css",
    "./src/framework/app/**/*.css",
    "./src/framework/plugin/select2/select2.css",
    "./src/framework/plugin/syntaxhighlighter_3.0.83/styles/shCoreDefault.css",
    "./src/framework/plugin/rainbow/themes/github.css",
    "./src/framework/css/*.css"
  ],

  "js": [
    "dist/framework/js/vendor/modernizr-*.js",
    "dist/framework/js/vendor/jquery/*.js",
    "dist/framework/js/vendor/jquery/lib/*.js",
    "dist/framework/js/vendor/angular/angular.js",
    "dist/framework/js/vendor/angular/angular-*.js",
    "dist/framework/js/vendor/angular-translate/*.js",
    "dist/framework/js/vendor/angular-translate/**/*.js",
    "dist/framework/js/vendor/kendo/*.js",
    "dist/framework/js/vendor/messenger.js",
    "dist/framework/js/vendor/messenger-*.js",
    "dist/framework/js/vendor/moment.js",
    "dist/framework/js/vendor/moment-*.js",
    "dist/framework/js/vendor/bootstrap.js",
    "dist/framework/js/vendor/*.js",
    "dist/framework/js/vendor/require/require.js",
    "dist/framework/js/vendor/require/require-css.js",
    "dist/framework/js/*.js",
    "!dist/framework/js/config.js",
    "dist/framework/js/untils/**/*.js",
    "dist/framework/js/directives/*.js",
    "dist/framework/js/directives/**/*.js",
    "dist/framework/js/filters/**/*.js",
    "dist/framework/js/services/*.js",
    "dist/framework/js/services/**/*.js",
    "dist/framework/app/l18n/**/*.js",
    "dist/framework/app/**/*.js",
    "dist/framework/plugin/ace_1.2/ace.js",
    "dist/framework/plugin/ace_1.2/ace-extra.js",
    "dist/framework/plugin/ace_1.2/ace-elements.js",
    "dist/framework/plugin/select2/select2.js",
    "dist/framework/plugin/rainbow/rainbow.js",
    "dist/framework/plugin/rainbow/language/*.js"
  ],

  "css": [
    "dist/framework/css/vendor/jquery/**/*.css",
    "dist/framework/css/vendor/messenger/messenger.css",
    "dist/framework/css/vendor/messenger/**/*.css",
    "dist/framework/css/vendor/bootstrap.css",
    "dist/framework/js/directives/**/*.css",
    "dist/framework/css/vendor/**/*.css",
    "dist/framework/plugin/ace_1.2/**/*.css",
    "dist/framework/app/**/*.css",
    "dist/framework/plugin/select2/select2.css",
    "dist/framework/plugin/syntaxhighlighter_3.0.83/styles/shCoreDefault.css",
    "dist/framework/plugin/rainbow/themes/github.css",
    "dist/framework/plugin/kindeditor/themes/default/default.css",
    "dist/framework/css/*.css"
  ]
}